{"cod":"200","message":0,"cnt":40,"list":[{"dt":1592654400,"main":{"temp":297.76,"feels_like":295.95,"temp_min":296.31,"temp_max":297.76,"pressure":1013,"sea_level":1015,"grnd_level":1006,"humidity":52,"temp_kf":1.45},"weather":[{"id":801,"main":"Clouds","description":"few clouds","icon":"02d"}],"clouds":{"all":24},"wind":{"speed":4.43,"deg":251},"sys":{"pod":"d"},"dt_txt":"2020-06-20 12:00:00"},{"dt":1592665200,"main":{"temp":296.66,"feels_like":295.87,"temp_min":295.98,"temp_max":296.66,"pressure":1014,"sea_level":1014,"grnd_level":1006,"humidity":58,"temp_kf":0.68},"weather":[{"id":500,"main":"Rain","description":"light rain","icon":"10d"}],"clouds":{"all":63},"wind":{"speed":3.32,"deg":296},"rain":{"3h":1.12},"sys":{"pod":"d"},"dt_txt":"2020-06-20 15:00:00"},{"dt":1592676000,"main":{"temp":294.11,"feels_like":294.09,"temp_min":293.77,"temp_max":294.11,"pressure":1014,"sea_level":1014,"grnd_level":1005,"humidity":68,"temp_kf":0.34},"weather":[{"id":500,"main":"Rain","description":"light rain","icon":"10d"}],"clouds":{"all":50},"wind":{"speed":2.25,"deg":26},"rain":{"3h":0.1},"sys":{"pod":"d"},"dt_txt":"2020-06-20 18:00:00"},{"dt":1592686800,"main":{"temp":290.83,"feels_like":289.23,"temp_min":290.76,"temp_max":290.83,"pressure":1015,"sea_level":1015,"grnd_level":1006,"humidity":70,"temp_kf":0.07},"weather":[{"id":800,"main":"Clear","description":"clear sky","icon":"01n"}],"clouds":{"all":7},"wind":{"speed":3.23,"deg":21},"sys":{"pod":"n"},"dt_txt":"2020-06-20 21:00:00"},{"dt":1592697600,"main":{"temp":289.44,"feels_like":287.11,"temp_min":289.44,"temp_max":289.44,"pressure":1014,"sea_level":1014,"grnd_level":1006,"humidity":68,"temp_kf":0},"weather":[{"id":802,"main":"Clouds","description":"scattered clouds","icon":"03n"}],"clouds":{"all":38},"wind":{"speed":3.54,"deg":22},"sys":{"pod":"n"},"dt_txt":"2020-06-21 00:00:00"},{"dt":1592708400,"main":{"temp":288.84,"feels_like":286.78,"temp_min":288.84,"temp_max":288.84,"pressure":1013,"sea_level":1013,"grnd_level":1005,"humidity":69,"temp_kf":0},"weather":[{"id":802,"main":"Clouds","description":"scattered clouds","icon":"03n"}],"clouds":{"all":39},"wind":{"speed":3.01,"deg":13},"sys":{"pod":"n"},"dt_txt":"2020-06-21 03:00:00"},{"dt":1592719200,"main":{"temp":291.06,"feels_like":289.23,"temp_min":291.06,"temp_max":291.06,"pressure":1013,"sea_level":1013,"grnd_level":1004,"humidity":68,"temp_kf":0},"weather":[{"id":803,"main":"Clouds","description":"broken clouds","icon":"04d"}],"clouds":{"all":65},"wind":{"speed":3.47,"deg":14},"sys":{"pod":"d"},"dt_txt":"2020-06-21 06:00:00"},{"dt":1592730000,"main":{"temp":294.96,"feels_like":293.63,"temp_min":294.96,"temp_max":294.96,"pressure":1014,"sea_level":1014,"grnd_level":1005,"humidity":56,"temp_kf":0},"weather":[{"id":804,"main":"Clouds","description":"overcast clouds","icon":"04d"}],"clouds":{"all":86},"wind":{"speed":3.06,"deg":12},"sys":{"pod":"d"},"dt_txt":"2020-06-21 09:00:00"},{"dt":1592740800,"main":{"temp":295.09,"feels_like":293.55,"temp_min":295.09,"temp_max":295.09,"pressure":1014,"sea_level":1014,"grnd_level":1005,"humidity":57,"temp_kf":0},"weather":[{"id":803,"main":"Clouds","description":"broken clouds","icon":"04d"}],"clouds":{"all":83},"wind":{"speed":3.55,"deg":25},"sys":{"pod":"d"},"dt_txt":"2020-06-21 12:00:00"},{"dt":1592751600,"main":{"temp":296.93,"feels_like":296.66,"temp_min":296.93,"temp_max":296.93,"pressure":1013,"sea_level":1013,"grnd_level":1004,"humidity":53,"temp_kf":0},"weather":[{"id":802,"main":"Clouds","description":"scattered clouds","icon":"03d"}],"clouds":{"all":32},"wind":{"speed":2.01,"deg":23},"sys":{"pod":"d"},"dt_txt":"2020-06-21 15:00:00"},{"dt":1592762400,"main":{"temp":293.17,"feels_like":292.3,"temp_min":293.17,"temp_max":293.17,"pressure":1013,"sea_level":1013,"grnd_level":1004,"humidity":67,"temp_kf":0},"weather":[{"id":803,"main":"Clouds","description":"broken clouds","icon":"04d"}],"clouds":{"all":52},"wind":{"speed":2.91,"deg":25},"sys":{"pod":"d"},"dt_txt":"2020-06-21 18:00:00"},{"dt":1592773200,"main":{"temp":290.35,"feels_like":288.65,"temp_min":290.35,"temp_max":290.35,"pressure":1014,"sea_level":1014,"grnd_level":1005,"humidity":72,"temp_kf":0},"weather":[{"id":804,"main":"Clouds","description":"overcast clouds","icon":"04n"}],"clouds":{"all":100},"wind":{"speed":3.36,"deg":28},"sys":{"pod":"n"},"dt_txt":"2020-06-21 21:00:00"},{"dt":1592784000,"main":{"temp":290.75,"feels_like":289.29,"temp_min":290.75,"temp_max":290.75,"pressure":1013,"sea_level":1013,"grnd_level":1005,"humidity":72,"temp_kf":0},"weather":[{"id":804,"main":"Clouds","description":"overcast clouds","icon":"04n"}],"clouds":{"all":100},"wind":{"speed":3.19,"deg":1},"sys":{"pod":"n"},"dt_txt":"2020-06-22 00:00:00"},{"dt":1592794800,"main":{"temp":290.73,"feels_like":289.16,"temp_min":290.73,"temp_max":290.73,"pressure":1013,"sea_level":1013,"grnd_level":1004,"humidity":72,"temp_kf":0},"weather":[{"id":804,"main":"Clouds","description":"overcast clouds","icon":"04n"}],"clouds":{"all":100},"wind":{"speed":3.34,"deg":15},"sys":{"pod":"n"},"dt_txt":"2020-06-22 03:00:00"},{"dt":1592805600,"main":{"temp":291.44,"feels_like":290.45,"temp_min":291.44,"temp_max":291.44,"pressure":1013,"sea_level":1013,"grnd_level":1004,"humidity":71,"temp_kf":0},"weather":[{"id":804,"main":"Clouds","description":"overcast clouds","icon":"04d"}],"clouds":{"all":100},"wind":{"speed":2.72,"deg":12},"sys":{"pod":"d"},"dt_txt":"2020-06-22 06:00:00"},{"dt":1592816400,"main":{"temp":293.67,"feels_like":291.45,"temp_min":293.67,"temp_max":293.67,"pressure":1014,"sea_level":1014,"grnd_level":1005,"humidity":62,"temp_kf":0},"weather":[{"id":804,"main":"Clouds","description":"overcast clouds","icon":"04d"}],"clouds":{"all":100},"wind":{"speed":4.49,"deg":13},"sys":{"pod":"d"},"dt_txt":"2020-06-22 09:00:00"},{"dt":1592827200,"main":{"temp":293.51,"feels_like":292.72,"temp_min":293.51,"temp_max":293.51,"pressure":1014,"sea_level":1014,"grnd_level":1005,"humidity":65,"temp_kf":0},"weather":[{"id":804,"main":"Clouds","description":"overcast clouds","icon":"04d"}],"clouds":{"all":100},"wind":{"speed":2.72,"deg":7},"sys":{"pod":"d"},"dt_txt":"2020-06-22 12:00:00"},{"dt":1592838000,"main":{"temp":294.47,"feels_like":293.5,"temp_min":294.47,"temp_max":294.47,"pressure":1014,"sea_level":1014,"grnd_level":1005,"humidity":63,"temp_kf":0},"weather":[{"id":804,"main":"Clouds","description":"overcast clouds","icon":"04d"}],"clouds":{"all":100},"wind":{"speed":3.19,"deg":13},"sys":{"pod":"d"},"dt_txt":"2020-06-22 15:00:00"},{"dt":1592848800,"main":{"temp":292.89,"feels_like":292.09,"temp_min":292.89,"temp_max":292.89,"pressure":1014,"sea_level":1014,"grnd_level":1005,"humidity":69,"temp_kf":0},"weather":[{"id":804,"main":"Clouds","description":"overcast clouds","icon":"04d"}],"clouds":{"all":100},"wind":{"speed":2.9,"deg":17},"sys":{"pod":"d"},"dt_txt":"2020-06-22 18:00:00"},{"dt":1592859600,"main":{"temp":292.1,"feels_like":290.24,"temp_min":292.1,"temp_max":292.1,"pressure":1015,"sea_level":1015,"grnd_level":1006,"humidity":70,"temp_kf":0},"weather":[{"id":804,"main":"Clouds","description":"overcast clouds","icon":"04n"}],"clouds":{"all":100},"wind":{"speed":4.15,"deg":9},"sys":{"pod":"n"},"dt_txt":"2020-06-22 21:00:00"},{"dt":1592870400,"main":{"temp":292.28,"feels_like":289.66,"temp_min":292.28,"temp_max":292.28,"pressure":1015,"sea_level":1015,"grnd_level":1006,"humidity":70,"temp_kf":0},"weather":[{"id":804,"main":"Clouds","description":"overcast clouds","icon":"04n"}],"clouds":{"all":88},"wind":{"speed":5.32,"deg":21},"sys":{"pod":"n"},"dt_txt":"2020-06-23 00:00:00"},{"dt":1592881200,"main":{"temp":292.38,"feels_like":291.07,"temp_min":292.38,"temp_max":292.38,"pressure":1015,"sea_level":1015,"grnd_level":1006,"humidity":66,"temp_kf":0},"weather":[{"id":804,"main":"Clouds","description":"overcast clouds","icon":"04n"}],"clouds":{"all":100},"wind":{"speed":3.07,"deg":33},"sys":{"pod":"n"},"dt_txt":"2020-06-23 03:00:00"},{"dt":1592892000,"main":{"temp":292.19,"feels_like":290.89,"temp_min":292.19,"temp_max":292.19,"pressure":1016,"sea_level":1016,"grnd_level":1007,"humidity":71,"temp_kf":0},"weather":[{"id":804,"main":"Clouds","description":"overcast clouds","icon":"04d"}],"clouds":{"all":100},"wind":{"speed":3.5,"deg":8},"sys":{"pod":"d"},"dt_txt":"2020-06-23 06:00:00"},{"dt":1592902800,"main":{"temp":296.28,"feels_like":296.05,"temp_min":296.28,"temp_max":296.28,"pressure":1017,"sea_level":1017,"grnd_level":1008,"humidity":61,"temp_kf":0},"weather":[{"id":804,"main":"Clouds","description":"overcast clouds","icon":"04d"}],"clouds":{"all":93},"wind":{"speed":2.74,"deg":19},"sys":{"pod":"d"},"dt_txt":"2020-06-23 09:00:00"},{"dt":1592913600,"main":{"temp":295.95,"feels_like":295.33,"temp_min":295.95,"temp_max":295.95,"pressure":1017,"sea_level":1017,"grnd_level":1009,"humidity":63,"temp_kf":0},"weather":[{"id":804,"main":"Clouds","description":"overcast clouds","icon":"04d"}],"clouds":{"all":93},"wind":{"speed":3.39,"deg":25},"sys":{"pod":"d"},"dt_txt":"2020-06-23 12:00:00"},{"dt":1592924400,"main":{"temp":295.97,"feels_like":296.09,"temp_min":295.97,"temp_max":295.97,"pressure":1017,"sea_level":1017,"grnd_level":1009,"humidity":65,"temp_kf":0},"weather":[{"id":804,"main":"Clouds","description":"overcast clouds","icon":"04d"}],"clouds":{"all":100},"wind":{"speed":2.6,"deg":2},"sys":{"pod":"d"},"dt_txt":"2020-06-23 15:00:00"},{"dt":1592935200,"main":{"temp":293.32,"feels_like":291.96,"temp_min":293.32,"temp_max":293.32,"pressure":1018,"sea_level":1018,"grnd_level":1009,"humidity":67,"temp_kf":0},"weather":[{"id":804,"main":"Clouds","description":"overcast clouds","icon":"04d"}],"clouds":{"all":100},"wind":{"speed":3.68,"deg":22},"sys":{"pod":"d"},"dt_txt":"2020-06-23 18:00:00"},{"dt":1592946000,"main":{"temp":292.79,"feels_like":290.83,"temp_min":292.79,"temp_max":292.79,"pressure":1019,"sea_level":1019,"grnd_level":1010,"humidity":65,"temp_kf":0},"weather":[{"id":804,"main":"Clouds","description":"overcast clouds","icon":"04n"}],"clouds":{"all":100},"wind":{"speed":4.08,"deg":42},"sys":{"pod":"n"},"dt_txt":"2020-06-23 21:00:00"},{"dt":1592956800,"main":{"temp":292.67,"feels_like":290.62,"temp_min":292.67,"temp_max":292.67,"pressure":1018,"sea_level":1018,"grnd_level":1010,"humidity":67,"temp_kf":0},"weather":[{"id":804,"main":"Clouds","description":"overcast clouds","icon":"04n"}],"clouds":{"all":100},"wind":{"speed":4.36,"deg":38},"sys":{"pod":"n"},"dt_txt":"2020-06-24 00:00:00"},{"dt":1592967600,"main":{"temp":291.83,"feels_like":290.27,"temp_min":291.83,"temp_max":291.83,"pressure":1018,"sea_level":1018,"grnd_level":1009,"humidity":70,"temp_kf":0},"weather":[{"id":803,"main":"Clouds","description":"broken clouds","icon":"04n"}],"clouds":{"all":78},"wind":{"speed":3.6,"deg":31},"sys":{"pod":"n"},"dt_txt":"2020-06-24 03:00:00"},{"dt":1592978400,"main":{"temp":294.36,"feels_like":293.73,"temp_min":294.36,"temp_max":294.36,"pressure":1019,"sea_level":1019,"grnd_level":1010,"humidity":67,"temp_kf":0},"weather":[{"id":802,"main":"Clouds","description":"scattered clouds","icon":"03d"}],"clouds":{"all":39},"wind":{"speed":3.12,"deg":45},"sys":{"pod":"d"},"dt_txt":"2020-06-24 06:00:00"},{"dt":1592989200,"main":{"temp":298.71,"feels_like":299.81,"temp_min":298.71,"temp_max":298.71,"pressure":1019,"sea_level":1019,"grnd_level":1010,"humidity":57,"temp_kf":0},"weather":[{"id":800,"main":"Clear","description":"clear sky","icon":"01d"}],"clouds":{"all":0},"wind":{"speed":1.49,"deg":69},"sys":{"pod":"d"},"dt_txt":"2020-06-24 09:00:00"},{"dt":1593000000,"main":{"temp":299.27,"feels_like":299.97,"temp_min":299.27,"temp_max":299.27,"pressure":1018,"sea_level":1018,"grnd_level":1010,"humidity":55,"temp_kf":0},"weather":[{"id":800,"main":"Clear","description":"clear sky","icon":"01d"}],"clouds":{"all":1},"wind":{"speed":2.03,"deg":238},"sys":{"pod":"d"},"dt_txt":"2020-06-24 12:00:00"},{"dt":1593010800,"main":{"temp":298.27,"feels_like":299.11,"temp_min":298.27,"temp_max":298.27,"pressure":1018,"sea_level":1018,"grnd_level":1010,"humidity":61,"temp_kf":0},"weather":[{"id":801,"main":"Clouds","description":"few clouds","icon":"02d"}],"clouds":{"all":18},"wind":{"speed":2.24,"deg":241},"sys":{"pod":"d"},"dt_txt":"2020-06-24 15:00:00"},{"dt":1593021600,"main":{"temp":296.04,"feels_like":298.09,"temp_min":296.04,"temp_max":296.04,"pressure":1018,"sea_level":1018,"grnd_level":1010,"humidity":72,"temp_kf":0},"weather":[{"id":801,"main":"Clouds","description":"few clouds","icon":"02d"}],"clouds":{"all":19},"wind":{"speed":0.8,"deg":252},"sys":{"pod":"d"},"dt_txt":"2020-06-24 18:00:00"},{"dt":1593032400,"main":{"temp":293.87,"feels_like":294.15,"temp_min":293.87,"temp_max":293.87,"pressure":1020,"sea_level":1020,"grnd_level":1011,"humidity":73,"temp_kf":0},"weather":[{"id":800,"main":"Clear","description":"clear sky","icon":"01n"}],"clouds":{"all":0},"wind":{"speed":2.27,"deg":44},"sys":{"pod":"n"},"dt_txt":"2020-06-24 21:00:00"},{"dt":1593043200,"main":{"temp":292.27,"feels_like":290.23,"temp_min":292.27,"temp_max":292.27,"pressure":1019,"sea_level":1019,"grnd_level":1011,"humidity":64,"temp_kf":0},"weather":[{"id":800,"main":"Clear","description":"clear sky","icon":"01n"}],"clouds":{"all":0},"wind":{"speed":3.86,"deg":36},"sys":{"pod":"n"},"dt_txt":"2020-06-25 00:00:00"},{"dt":1593054000,"main":{"temp":290.99,"feels_like":288.64,"temp_min":290.99,"temp_max":290.99,"pressure":1018,"sea_level":1018,"grnd_level":1010,"humidity":65,"temp_kf":0},"weather":[{"id":800,"main":"Clear","description":"clear sky","icon":"01n"}],"clouds":{"all":0},"wind":{"speed":3.89,"deg":35},"sys":{"pod":"n"},"dt_txt":"2020-06-25 03:00:00"},{"dt":1593064800,"main":{"temp":294.49,"feels_like":293.64,"temp_min":294.49,"temp_max":294.49,"pressure":1019,"sea_level":1019,"grnd_level":1011,"humidity":62,"temp_kf":0},"weather":[{"id":800,"main":"Clear","description":"clear sky","icon":"01d"}],"clouds":{"all":0},"wind":{"speed":2.9,"deg":41},"sys":{"pod":"d"},"dt_txt":"2020-06-25 06:00:00"},{"dt":1593075600,"main":{"temp":299.7,"feels_like":300.12,"temp_min":299.7,"temp_max":299.7,"pressure":1019,"sea_level":1019,"grnd_level":1011,"humidity":45,"temp_kf":0},"weather":[{"id":800,"main":"Clear","description":"clear sky","icon":"01d"}],"clouds":{"all":0},"wind":{"speed":1.03,"deg":105},"sys":{"pod":"d"},"dt_txt":"2020-06-25 09:00:00"}],"city":{"id":3190359,"name":"Solin","coord":{"lat":43.55,"lon":16.5},"country":"HR","population":15927,"timezone":7200,"sunrise":1592622765,"sunset":1592678309}}